permutation,Agent2_1_SA_EndSpeed,Agent2_1_SA_DynamicDuration,Agent2_1_SA_DynamicShape,Agent2_1_SA_DynamicDelay,Agent2_1_TA_Times,Agent2_1_TA_Period,Agent2_1_TA_Offset,Agent2_1_Delay,Agent2_S,Agent2_Speed,Agent2_Type,Agent1_1_SA_DynamicShape,Agent1_1_SA_DynamicDuration,Agent1_1_SA_DynamicDelay,Agent1_1_SA_EndSpeed,Agent1_1_TA_DynamicShape,Agent1_1_TA_DynamicDuration,Agent1_1_TA_DynamicDelay,Agent1_1_Delay,Agent1_S,Agent1_Speed,Agent1_Type,Ego_S,Ego_Speed,Ego_Vehicle
01BL-KEEP_02FS-ZZ_1_125_of_243.txt,60.0,5.0,linear,1.0,3.0,0.6,1.5,0.0,65.0,50.0,car_red,linear,5.0,1.0,50.0,Other,5.0,0.0,0.0,35.0,50.0,bicycle,40.0,40.0,car_white
01BL-KEEP_02FS-ZZ_1_235_of_243.txt,40.0,5.0,linear,1.0,3.0,0.2,1.5,0.0,65.0,60.0,car_red,linear,5.0,1.0,60.0,Other,5.0,0.0,0.0,35.0,60.0,bicycle,40.0,40.0,car_white
01BL-KEEP_02FS-ZZ_1_163_of_243.txt,40.0,5.0,linear,1.0,3.0,0.2,1.5,0.0,65.0,40.0,car_red,linear,5.0,1.0,40.0,Other,5.0,0.0,0.0,35.0,60.0,bicycle,40.0,40.0,car_white
01BL-KEEP_02FS-ZZ_1_136_of_243.txt,40.0,5.0,linear,1.0,3.0,0.2,1.5,0.0,65.0,40.0,car_red,linear,5.0,1.0,60.0,Other,5.0,0.0,0.0,35.0,50.0,bicycle,40.0,40.0,car_white
01BL-KEEP_02FS-ZZ_1_64_of_243.txt,40.0,5.0,linear,1.0,3.0,0.2,1.5,0.0,65.0,50.0,car_red,linear,5.0,1.0,60.0,Other,5.0,0.0,0.0,35.0,40.0,bicycle,40.0,40.0,car_white
01BL-KEEP_02FS-ZZ_1_138_of_243.txt,40.0,5.0,linear,1.0,3.0,1.0,1.5,0.0,65.0,40.0,car_red,linear,5.0,1.0,60.0,Other,5.0,0.0,0.0,35.0,50.0,bicycle,40.0,40.0,car_white
01BL-KEEP_02FS-ZZ_1_186_of_243.txt,50.0,5.0,linear,1.0,3.0,1.0,1.5,0.0,65.0,60.0,car_red,linear,5.0,1.0,40.0,Other,5.0,0.0,0.0,35.0,60.0,bicycle,40.0,40.0,car_white
01BL-KEEP_02FS-ZZ_1_109_of_243.txt,40.0,5.0,linear,1.0,3.0,0.2,1.5,0.0,65.0,40.0,car_red,linear,5.0,1.0,50.0,Other,5.0,0.0,0.0,35.0,50.0,bicycle,40.0,40.0,car_white
01BL-KEEP_02FS-ZZ_1_173_of_243.txt,40.0,5.0,linear,1.0,3.0,0.6,1.5,0.0,65.0,50.0,car_red,linear,5.0,1.0,40.0,Other,5.0,0.0,0.0,35.0,60.0,bicycle,40.0,40.0,car_white
01BL-KEEP_02FS-ZZ_1_84_of_243.txt,40.0,5.0,linear,1.0,3.0,1.0,1.5,0.0,65.0,40.0,car_red,linear,5.0,1.0,40.0,Other,5.0,0.0,0.0,35.0,50.0,bicycle,40.0,40.0,car_white
01BL-KEEP_02FS-ZZ_1_80_of_243.txt,60.0,5.0,linear,1.0,3.0,0.6,1.5,0.0,65.0,60.0,car_red,linear,5.0,1.0,60.0,Other,5.0,0.0,0.0,35.0,40.0,bicycle,40.0,40.0,car_white
01BL-KEEP_02FS-ZZ_1_196_of_243.txt,60.0,5.0,linear,1.0,3.0,0.2,1.5,0.0,65.0,40.0,car_red,linear,5.0,1.0,50.0,Other,5.0,0.0,0.0,35.0,60.0,bicycle,40.0,40.0,car_white
01BL-KEEP_02FS-ZZ_1_205_of_243.txt,60.0,5.0,linear,1.0,3.0,0.2,1.5,0.0,65.0,50.0,car_red,linear,5.0,1.0,50.0,Other,5.0,0.0,0.0,35.0,60.0,bicycle,40.0,40.0,car_white
01BL-KEEP_02FS-ZZ_1_221_of_243.txt,50.0,5.0,linear,1.0,3.0,0.6,1.5,0.0,65.0,40.0,car_red,linear,5.0,1.0,60.0,Other,5.0,0.0,0.0,35.0,60.0,bicycle,40.0,40.0,car_white
01BL-KEEP_02FS-ZZ_1_72_of_243.txt,60.0,5.0,linear,1.0,3.0,1.0,1.5,0.0,65.0,50.0,car_red,linear,5.0,1.0,60.0,Other,5.0,0.0,0.0,35.0,40.0,bicycle,40.0,40.0,car_white
01BL-KEEP_02FS-ZZ_1_243_of_243.txt,60.0,5.0,linear,1.0,3.0,1.0,1.5,0.0,65.0,60.0,car_red,linear,5.0,1.0,60.0,Other,5.0,0.0,0.0,35.0,60.0,bicycle,40.0,40.0,car_white
01BL-KEEP_02FS-ZZ_1_129_of_243.txt,40.0,5.0,linear,1.0,3.0,1.0,1.5,0.0,65.0,60.0,car_red,linear,5.0,1.0,50.0,Other,5.0,0.0,0.0,35.0,50.0,bicycle,40.0,40.0,car_white
01BL-KEEP_02FS-ZZ_1_134_of_243.txt,60.0,5.0,linear,1.0,3.0,0.6,1.5,0.0,65.0,60.0,car_red,linear,5.0,1.0,50.0,Other,5.0,0.0,0.0,35.0,50.0,bicycle,40.0,40.0,car_white
01BL-KEEP_02FS-ZZ_1_21_of_243.txt,40.0,5.0,linear,1.0,3.0,1.0,1.5,0.0,65.0,60.0,car_red,linear,5.0,1.0,40.0,Other,5.0,0.0,0.0,35.0,40.0,bicycle,40.0,40.0,car_white
01BL-KEEP_02FS-ZZ_1_16_of_243.txt,60.0,5.0,linear,1.0,3.0,0.2,1.5,0.0,65.0,50.0,car_red,linear,5.0,1.0,40.0,Other,5.0,0.0,0.0,35.0,40.0,bicycle,40.0,40.0,car_white
01BL-KEEP_02FS-ZZ_1_112_of_243.txt,50.0,5.0,linear,1.0,3.0,0.2,1.5,0.0,65.0,40.0,car_red,linear,5.0,1.0,50.0,Other,5.0,0.0,0.0,35.0,50.0,bicycle,40.0,40.0,car_white
01BL-KEEP_02FS-ZZ_1_15_of_243.txt,50.0,5.0,linear,1.0,3.0,1.0,1.5,0.0,65.0,50.0,car_red,linear,5.0,1.0,40.0,Other,5.0,0.0,0.0,35.0,40.0,bicycle,40.0,40.0,car_white
01BL-KEEP_02FS-ZZ_1_118_of_243.txt,40.0,5.0,linear,1.0,3.0,0.2,1.5,0.0,65.0,50.0,car_red,linear,5.0,1.0,50.0,Other,5.0,0.0,0.0,35.0,50.0,bicycle,40.0,40.0,car_white
01BL-KEEP_02FS-ZZ_1_201_of_243.txt,40.0,5.0,linear,1.0,3.0,1.0,1.5,0.0,65.0,50.0,car_red,linear,5.0,1.0,50.0,Other,5.0,0.0,0.0,35.0,60.0,bicycle,40.0,40.0,car_white
01BL-KEEP_02FS-ZZ_1_213_of_243.txt,50.0,5.0,linear,1.0,3.0,1.0,1.5,0.0,65.0,60.0,car_red,linear,5.0,1.0,50.0,Other,5.0,0.0,0.0,35.0,60.0,bicycle,40.0,40.0,car_white
01BL-KEEP_02FS-ZZ_1_93_of_243.txt,40.0,5.0,linear,1.0,3.0,1.0,1.5,0.0,65.0,50.0,car_red,linear,5.0,1.0,40.0,Other,5.0,0.0,0.0,35.0,50.0,bicycle,40.0,40.0,car_white
01BL-KEEP_02FS-ZZ_1_28_of_243.txt,40.0,5.0,linear,1.0,3.0,0.2,1.5,0.0,65.0,40.0,car_red,linear,5.0,1.0,50.0,Other,5.0,0.0,0.0,35.0,40.0,bicycle,40.0,40.0,car_white
01BL-KEEP_02FS-ZZ_1_38_of_243.txt,40.0,5.0,linear,1.0,3.0,0.6,1.5,0.0,65.0,50.0,car_red,linear,5.0,1.0,50.0,Other,5.0,0.0,0.0,35.0,40.0,bicycle,40.0,40.0,car_white
01BL-KEEP_02FS-ZZ_1_171_of_243.txt,60.0,5.0,linear,1.0,3.0,1.0,1.5,0.0,65.0,40.0,car_red,linear,5.0,1.0,40.0,Other,5.0,0.0,0.0,35.0,60.0,bicycle,40.0,40.0,car_white
01BL-KEEP_02FS-ZZ_1_123_of_243.txt,50.0,5.0,linear,1.0,3.0,1.0,1.5,0.0,65.0,50.0,car_red,linear,5.0,1.0,50.0,Other,5.0,0.0,0.0,35.0,50.0,bicycle,40.0,40.0,car_white
01BL-KEEP_02FS-ZZ_1_26_of_243.txt,60.0,5.0,linear,1.0,3.0,0.6,1.5,0.0,65.0,60.0,car_red,linear,5.0,1.0,40.0,Other,5.0,0.0,0.0,35.0,40.0,bicycle,40.0,40.0,car_white
01BL-KEEP_02FS-ZZ_1_1_of_243.txt,40.0,5.0,linear,1.0,3.0,0.2,1.5,0.0,65.0,40.0,car_red,linear,5.0,1.0,40.0,Other,5.0,0.0,0.0,35.0,40.0,bicycle,40.0,40.0,car_white
01BL-KEEP_02FS-ZZ_1_212_of_243.txt,50.0,5.0,linear,1.0,3.0,0.6,1.5,0.0,65.0,60.0,car_red,linear,5.0,1.0,50.0,Other,5.0,0.0,0.0,35.0,60.0,bicycle,40.0,40.0,car_white
01BL-KEEP_02FS-ZZ_1_222_of_243.txt,50.0,5.0,linear,1.0,3.0,1.0,1.5,0.0,65.0,40.0,car_red,linear,5.0,1.0,60.0,Other,5.0,0.0,0.0,35.0,60.0,bicycle,40.0,40.0,car_white
01BL-KEEP_02FS-ZZ_1_172_of_243.txt,40.0,5.0,linear,1.0,3.0,0.2,1.5,0.0,65.0,50.0,car_red,linear,5.0,1.0,40.0,Other,5.0,0.0,0.0,35.0,60.0,bicycle,40.0,40.0,car_white
01BL-KEEP_02FS-ZZ_1_43_of_243.txt,60.0,5.0,linear,1.0,3.0,0.2,1.5,0.0,65.0,50.0,car_red,linear,5.0,1.0,50.0,Other,5.0,0.0,0.0,35.0,40.0,bicycle,40.0,40.0,car_white
01BL-KEEP_02FS-ZZ_1_127_of_243.txt,40.0,5.0,linear,1.0,3.0,0.2,1.5,0.0,65.0,60.0,car_red,linear,5.0,1.0,50.0,Other,5.0,0.0,0.0,35.0,50.0,bicycle,40.0,40.0,car_white
01BL-KEEP_02FS-ZZ_1_195_of_243.txt,50.0,5.0,linear,1.0,3.0,1.0,1.5,0.0,65.0,40.0,car_red,linear,5.0,1.0,50.0,Other,5.0,0.0,0.0,35.0,60.0,bicycle,40.0,40.0,car_white
01BL-KEEP_02FS-ZZ_1_67_of_243.txt,50.0,5.0,linear,1.0,3.0,0.2,1.5,0.0,65.0,50.0,car_red,linear,5.0,1.0,60.0,Other,5.0,0.0,0.0,35.0,40.0,bicycle,40.0,40.0,car_white
01BL-KEEP_02FS-ZZ_1_14_of_243.txt,50.0,5.0,linear,1.0,3.0,0.6,1.5,0.0,65.0,50.0,car_red,linear,5.0,1.0,40.0,Other,5.0,0.0,0.0,35.0,40.0,bicycle,40.0,40.0,car_white
01BL-KEEP_02FS-ZZ_1_150_of_243.txt,50.0,5.0,linear,1.0,3.0,1.0,1.5,0.0,65.0,50.0,car_red,linear,5.0,1.0,60.0,Other,5.0,0.0,0.0,35.0,50.0,bicycle,40.0,40.0,car_white
01BL-KEEP_02FS-ZZ_1_19_of_243.txt,40.0,5.0,linear,1.0,3.0,0.2,1.5,0.0,65.0,60.0,car_red,linear,5.0,1.0,40.0,Other,5.0,0.0,0.0,35.0,40.0,bicycle,40.0,40.0,car_white
01BL-KEEP_02FS-ZZ_1_79_of_243.txt,60.0,5.0,linear,1.0,3.0,0.2,1.5,0.0,65.0,60.0,car_red,linear,5.0,1.0,60.0,Other,5.0,0.0,0.0,35.0,40.0,bicycle,40.0,40.0,car_white
01BL-KEEP_02FS-ZZ_1_232_of_243.txt,60.0,5.0,linear,1.0,3.0,0.2,1.5,0.0,65.0,50.0,car_red,linear,5.0,1.0,60.0,Other,5.0,0.0,0.0,35.0,60.0,bicycle,40.0,40.0,car_white
01BL-KEEP_02FS-ZZ_1_223_of_243.txt,60.0,5.0,linear,1.0,3.0,0.2,1.5,0.0,65.0,40.0,car_red,linear,5.0,1.0,60.0,Other,5.0,0.0,0.0,35.0,60.0,bicycle,40.0,40.0,car_white
01BL-KEEP_02FS-ZZ_1_168_of_243.txt,50.0,5.0,linear,1.0,3.0,1.0,1.5,0.0,65.0,40.0,car_red,linear,5.0,1.0,40.0,Other,5.0,0.0,0.0,35.0,60.0,bicycle,40.0,40.0,car_white
01BL-KEEP_02FS-ZZ_1_105_of_243.txt,50.0,5.0,linear,1.0,3.0,1.0,1.5,0.0,65.0,60.0,car_red,linear,5.0,1.0,40.0,Other,5.0,0.0,0.0,35.0,50.0,bicycle,40.0,40.0,car_white
01BL-KEEP_02FS-ZZ_1_234_of_243.txt,60.0,5.0,linear,1.0,3.0,1.0,1.5,0.0,65.0,50.0,car_red,linear,5.0,1.0,60.0,Other,5.0,0.0,0.0,35.0,60.0,bicycle,40.0,40.0,car_white
01BL-KEEP_02FS-ZZ_1_111_of_243.txt,40.0,5.0,linear,1.0,3.0,1.0,1.5,0.0,65.0,40.0,car_red,linear,5.0,1.0,50.0,Other,5.0,0.0,0.0,35.0,50.0,bicycle,40.0,40.0,car_white
01BL-KEEP_02FS-ZZ_1_9_of_243.txt,60.0,5.0,linear,1.0,3.0,1.0,1.5,0.0,65.0,40.0,car_red,linear,5.0,1.0,40.0,Other,5.0,0.0,0.0,35.0,40.0,bicycle,40.0,40.0,car_white
01BL-KEEP_02FS-ZZ_1_36_of_243.txt,60.0,5.0,linear,1.0,3.0,1.0,1.5,0.0,65.0,40.0,car_red,linear,5.0,1.0,50.0,Other,5.0,0.0,0.0,35.0,40.0,bicycle,40.0,40.0,car_white
01BL-KEEP_02FS-ZZ_1_47_of_243.txt,40.0,5.0,linear,1.0,3.0,0.6,1.5,0.0,65.0,60.0,car_red,linear,5.0,1.0,50.0,Other,5.0,0.0,0.0,35.0,40.0,bicycle,40.0,40.0,car_white
01BL-KEEP_02FS-ZZ_1_237_of_243.txt,40.0,5.0,linear,1.0,3.0,1.0,1.5,0.0,65.0,60.0,car_red,linear,5.0,1.0,60.0,Other,5.0,0.0,0.0,35.0,60.0,bicycle,40.0,40.0,car_white
01BL-KEEP_02FS-ZZ_1_52_of_243.txt,60.0,5.0,linear,1.0,3.0,0.2,1.5,0.0,65.0,60.0,car_red,linear,5.0,1.0,50.0,Other,5.0,0.0,0.0,35.0,40.0,bicycle,40.0,40.0,car_white
01BL-KEEP_02FS-ZZ_1_46_of_243.txt,40.0,5.0,linear,1.0,3.0,0.2,1.5,0.0,65.0,60.0,car_red,linear,5.0,1.0,50.0,Other,5.0,0.0,0.0,35.0,40.0,bicycle,40.0,40.0,car_white
01BL-KEEP_02FS-ZZ_1_81_of_243.txt,60.0,5.0,linear,1.0,3.0,1.0,1.5,0.0,65.0,60.0,car_red,linear,5.0,1.0,60.0,Other,5.0,0.0,0.0,35.0,40.0,bicycle,40.0,40.0,car_white
01BL-KEEP_02FS-ZZ_1_175_of_243.txt,50.0,5.0,linear,1.0,3.0,0.2,1.5,0.0,65.0,50.0,car_red,linear,5.0,1.0,40.0,Other,5.0,0.0,0.0,35.0,60.0,bicycle,40.0,40.0,car_white
01BL-KEEP_02FS-ZZ_1_120_of_243.txt,40.0,5.0,linear,1.0,3.0,1.0,1.5,0.0,65.0,50.0,car_red,linear,5.0,1.0,50.0,Other,5.0,0.0,0.0,35.0,50.0,bicycle,40.0,40.0,car_white
01BL-KEEP_02FS-ZZ_1_35_of_243.txt,60.0,5.0,linear,1.0,3.0,0.6,1.5,0.0,65.0,40.0,car_red,linear,5.0,1.0,50.0,Other,5.0,0.0,0.0,35.0,40.0,bicycle,40.0,40.0,car_white
01BL-KEEP_02FS-ZZ_1_54_of_243.txt,60.0,5.0,linear,1.0,3.0,1.0,1.5,0.0,65.0,60.0,car_red,linear,5.0,1.0,50.0,Other,5.0,0.0,0.0,35.0,40.0,bicycle,40.0,40.0,car_white
01BL-KEEP_02FS-ZZ_1_83_of_243.txt,40.0,5.0,linear,1.0,3.0,0.6,1.5,0.0,65.0,40.0,car_red,linear,5.0,1.0,40.0,Other,5.0,0.0,0.0,35.0,50.0,bicycle,40.0,40.0,car_white
01BL-KEEP_02FS-ZZ_1_23_of_243.txt,50.0,5.0,linear,1.0,3.0,0.6,1.5,0.0,65.0,60.0,car_red,linear,5.0,1.0,40.0,Other,5.0,0.0,0.0,35.0,40.0,bicycle,40.0,40.0,car_white
01BL-KEEP_02FS-ZZ_1_145_of_243.txt,40.0,5.0,linear,1.0,3.0,0.2,1.5,0.0,65.0,50.0,car_red,linear,5.0,1.0,60.0,Other,5.0,0.0,0.0,35.0,50.0,bicycle,40.0,40.0,car_white
01BL-KEEP_02FS-ZZ_1_69_of_243.txt,50.0,5.0,linear,1.0,3.0,1.0,1.5,0.0,65.0,50.0,car_red,linear,5.0,1.0,60.0,Other,5.0,0.0,0.0,35.0,40.0,bicycle,40.0,40.0,car_white
01BL-KEEP_02FS-ZZ_1_231_of_243.txt,50.0,5.0,linear,1.0,3.0,1.0,1.5,0.0,65.0,50.0,car_red,linear,5.0,1.0,60.0,Other,5.0,0.0,0.0,35.0,60.0,bicycle,40.0,40.0,car_white
01BL-KEEP_02FS-ZZ_1_142_of_243.txt,60.0,5.0,linear,1.0,3.0,0.2,1.5,0.0,65.0,40.0,car_red,linear,5.0,1.0,60.0,Other,5.0,0.0,0.0,35.0,50.0,bicycle,40.0,40.0,car_white
01BL-KEEP_02FS-ZZ_1_219_of_243.txt,40.0,5.0,linear,1.0,3.0,1.0,1.5,0.0,65.0,40.0,car_red,linear,5.0,1.0,60.0,Other,5.0,0.0,0.0,35.0,60.0,bicycle,40.0,40.0,car_white
01BL-KEEP_02FS-ZZ_1_96_of_243.txt,50.0,5.0,linear,1.0,3.0,1.0,1.5,0.0,65.0,50.0,car_red,linear,5.0,1.0,40.0,Other,5.0,0.0,0.0,35.0,50.0,bicycle,40.0,40.0,car_white
01BL-KEEP_02FS-ZZ_1_137_of_243.txt,40.0,5.0,linear,1.0,3.0,0.6,1.5,0.0,65.0,40.0,car_red,linear,5.0,1.0,60.0,Other,5.0,0.0,0.0,35.0,50.0,bicycle,40.0,40.0,car_white
01BL-KEEP_02FS-ZZ_1_87_of_243.txt,50.0,5.0,linear,1.0,3.0,1.0,1.5,0.0,65.0,40.0,car_red,linear,5.0,1.0,40.0,Other,5.0,0.0,0.0,35.0,50.0,bicycle,40.0,40.0,car_white
01BL-KEEP_02FS-ZZ_1_167_of_243.txt,50.0,5.0,linear,1.0,3.0,0.6,1.5,0.0,65.0,40.0,car_red,linear,5.0,1.0,40.0,Other,5.0,0.0,0.0,35.0,60.0,bicycle,40.0,40.0,car_white
01BL-KEEP_02FS-ZZ_1_51_of_243.txt,50.0,5.0,linear,1.0,3.0,1.0,1.5,0.0,65.0,60.0,car_red,linear,5.0,1.0,50.0,Other,5.0,0.0,0.0,35.0,40.0,bicycle,40.0,40.0,car_white
01BL-KEEP_02FS-ZZ_1_34_of_243.txt,60.0,5.0,linear,1.0,3.0,0.2,1.5,0.0,65.0,40.0,car_red,linear,5.0,1.0,50.0,Other,5.0,0.0,0.0,35.0,40.0,bicycle,40.0,40.0,car_white
01BL-KEEP_02FS-ZZ_1_128_of_243.txt,40.0,5.0,linear,1.0,3.0,0.6,1.5,0.0,65.0,60.0,car_red,linear,5.0,1.0,50.0,Other,5.0,0.0,0.0,35.0,50.0,bicycle,40.0,40.0,car_white
01BL-KEEP_02FS-ZZ_1_203_of_243.txt,50.0,5.0,linear,1.0,3.0,0.6,1.5,0.0,65.0,50.0,car_red,linear,5.0,1.0,50.0,Other,5.0,0.0,0.0,35.0,60.0,bicycle,40.0,40.0,car_white
01BL-KEEP_02FS-ZZ_1_20_of_243.txt,40.0,5.0,linear,1.0,3.0,0.6,1.5,0.0,65.0,60.0,car_red,linear,5.0,1.0,40.0,Other,5.0,0.0,0.0,35.0,40.0,bicycle,40.0,40.0,car_white
01BL-KEEP_02FS-ZZ_1_41_of_243.txt,50.0,5.0,linear,1.0,3.0,0.6,1.5,0.0,65.0,50.0,car_red,linear,5.0,1.0,50.0,Other,5.0,0.0,0.0,35.0,40.0,bicycle,40.0,40.0,car_white
01BL-KEEP_02FS-ZZ_1_132_of_243.txt,50.0,5.0,linear,1.0,3.0,1.0,1.5,0.0,65.0,60.0,car_red,linear,5.0,1.0,50.0,Other,5.0,0.0,0.0,35.0,50.0,bicycle,40.0,40.0,car_white
01BL-KEEP_02FS-ZZ_1_32_of_243.txt,50.0,5.0,linear,1.0,3.0,0.6,1.5,0.0,65.0,40.0,car_red,linear,5.0,1.0,50.0,Other,5.0,0.0,0.0,35.0,40.0,bicycle,40.0,40.0,car_white
01BL-KEEP_02FS-ZZ_1_194_of_243.txt,50.0,5.0,linear,1.0,3.0,0.6,1.5,0.0,65.0,40.0,car_red,linear,5.0,1.0,50.0,Other,5.0,0.0,0.0,35.0,60.0,bicycle,40.0,40.0,car_white
01BL-KEEP_02FS-ZZ_1_152_of_243.txt,60.0,5.0,linear,1.0,3.0,0.6,1.5,0.0,65.0,50.0,car_red,linear,5.0,1.0,60.0,Other,5.0,0.0,0.0,35.0,50.0,bicycle,40.0,40.0,car_white
01BL-KEEP_02FS-ZZ_1_8_of_243.txt,60.0,5.0,linear,1.0,3.0,0.6,1.5,0.0,65.0,40.0,car_red,linear,5.0,1.0,40.0,Other,5.0,0.0,0.0,35.0,40.0,bicycle,40.0,40.0,car_white
01BL-KEEP_02FS-ZZ_1_119_of_243.txt,40.0,5.0,linear,1.0,3.0,0.6,1.5,0.0,65.0,50.0,car_red,linear,5.0,1.0,50.0,Other,5.0,0.0,0.0,35.0,50.0,bicycle,40.0,40.0,car_white
01BL-KEEP_02FS-ZZ_1_197_of_243.txt,60.0,5.0,linear,1.0,3.0,0.6,1.5,0.0,65.0,40.0,car_red,linear,5.0,1.0,50.0,Other,5.0,0.0,0.0,35.0,60.0,bicycle,40.0,40.0,car_white
01BL-KEEP_02FS-ZZ_1_25_of_243.txt,60.0,5.0,linear,1.0,3.0,0.2,1.5,0.0,65.0,60.0,car_red,linear,5.0,1.0,40.0,Other,5.0,0.0,0.0,35.0,40.0,bicycle,40.0,40.0,car_white
01BL-KEEP_02FS-ZZ_1_189_of_243.txt,60.0,5.0,linear,1.0,3.0,1.0,1.5,0.0,65.0,60.0,car_red,linear,5.0,1.0,40.0,Other,5.0,0.0,0.0,35.0,60.0,bicycle,40.0,40.0,car_white
01BL-KEEP_02FS-ZZ_1_133_of_243.txt,60.0,5.0,linear,1.0,3.0,0.2,1.5,0.0,65.0,60.0,car_red,linear,5.0,1.0,50.0,Other,5.0,0.0,0.0,35.0,50.0,bicycle,40.0,40.0,car_white
01BL-KEEP_02FS-ZZ_1_31_of_243.txt,50.0,5.0,linear,1.0,3.0,0.2,1.5,0.0,65.0,40.0,car_red,linear,5.0,1.0,50.0,Other,5.0,0.0,0.0,35.0,40.0,bicycle,40.0,40.0,car_white
01BL-KEEP_02FS-ZZ_1_166_of_243.txt,50.0,5.0,linear,1.0,3.0,0.2,1.5,0.0,65.0,40.0,car_red,linear,5.0,1.0,40.0,Other,5.0,0.0,0.0,35.0,60.0,bicycle,40.0,40.0,car_white
01BL-KEEP_02FS-ZZ_1_18_of_243.txt,60.0,5.0,linear,1.0,3.0,1.0,1.5,0.0,65.0,50.0,car_red,linear,5.0,1.0,40.0,Other,5.0,0.0,0.0,35.0,40.0,bicycle,40.0,40.0,car_white
01BL-KEEP_02FS-ZZ_1_176_of_243.txt,50.0,5.0,linear,1.0,3.0,0.6,1.5,0.0,65.0,50.0,car_red,linear,5.0,1.0,40.0,Other,5.0,0.0,0.0,35.0,60.0,bicycle,40.0,40.0,car_white
01BL-KEEP_02FS-ZZ_1_122_of_243.txt,50.0,5.0,linear,1.0,3.0,0.6,1.5,0.0,65.0,50.0,car_red,linear,5.0,1.0,50.0,Other,5.0,0.0,0.0,35.0,50.0,bicycle,40.0,40.0,car_white
01BL-KEEP_02FS-ZZ_1_90_of_243.txt,60.0,5.0,linear,1.0,3.0,1.0,1.5,0.0,65.0,40.0,car_red,linear,5.0,1.0,40.0,Other,5.0,0.0,0.0,35.0,50.0,bicycle,40.0,40.0,car_white
01BL-KEEP_02FS-ZZ_1_199_of_243.txt,40.0,5.0,linear,1.0,3.0,0.2,1.5,0.0,65.0,50.0,car_red,linear,5.0,1.0,50.0,Other,5.0,0.0,0.0,35.0,60.0,bicycle,40.0,40.0,car_white
01BL-KEEP_02FS-ZZ_1_202_of_243.txt,50.0,5.0,linear,1.0,3.0,0.2,1.5,0.0,65.0,50.0,car_red,linear,5.0,1.0,50.0,Other,5.0,0.0,0.0,35.0,60.0,bicycle,40.0,40.0,car_white
01BL-KEEP_02FS-ZZ_1_75_of_243.txt,40.0,5.0,linear,1.0,3.0,1.0,1.5,0.0,65.0,60.0,car_red,linear,5.0,1.0,60.0,Other,5.0,0.0,0.0,35.0,40.0,bicycle,40.0,40.0,car_white
01BL-KEEP_02FS-ZZ_1_141_of_243.txt,50.0,5.0,linear,1.0,3.0,1.0,1.5,0.0,65.0,40.0,car_red,linear,5.0,1.0,60.0,Other,5.0,0.0,0.0,35.0,50.0,bicycle,40.0,40.0,car_white
01BL-KEEP_02FS-ZZ_1_146_of_243.txt,40.0,5.0,linear,1.0,3.0,0.6,1.5,0.0,65.0,50.0,car_red,linear,5.0,1.0,60.0,Other,5.0,0.0,0.0,35.0,50.0,bicycle,40.0,40.0,car_white
01BL-KEEP_02FS-ZZ_1_77_of_243.txt,50.0,5.0,linear,1.0,3.0,0.6,1.5,0.0,65.0,60.0,car_red,linear,5.0,1.0,60.0,Other,5.0,0.0,0.0,35.0,40.0,bicycle,40.0,40.0,car_white
01BL-KEEP_02FS-ZZ_1_162_of_243.txt,60.0,5.0,linear,1.0,3.0,1.0,1.5,0.0,65.0,60.0,car_red,linear,5.0,1.0,60.0,Other,5.0,0.0,0.0,35.0,50.0,bicycle,40.0,40.0,car_white
01BL-KEEP_02FS-ZZ_1_241_of_243.txt,60.0,5.0,linear,1.0,3.0,0.2,1.5,0.0,65.0,60.0,car_red,linear,5.0,1.0,60.0,Other,5.0,0.0,0.0,35.0,60.0,bicycle,40.0,40.0,car_white
01BL-KEEP_02FS-ZZ_1_149_of_243.txt,50.0,5.0,linear,1.0,3.0,0.6,1.5,0.0,65.0,50.0,car_red,linear,5.0,1.0,60.0,Other,5.0,0.0,0.0,35.0,50.0,bicycle,40.0,40.0,car_white
01BL-KEEP_02FS-ZZ_1_160_of_243.txt,60.0,5.0,linear,1.0,3.0,0.2,1.5,0.0,65.0,60.0,car_red,linear,5.0,1.0,60.0,Other,5.0,0.0,0.0,35.0,50.0,bicycle,40.0,40.0,car_white
01BL-KEEP_02FS-ZZ_1_104_of_243.txt,50.0,5.0,linear,1.0,3.0,0.6,1.5,0.0,65.0,60.0,car_red,linear,5.0,1.0,40.0,Other,5.0,0.0,0.0,35.0,50.0,bicycle,40.0,40.0,car_white
01BL-KEEP_02FS-ZZ_1_242_of_243.txt,60.0,5.0,linear,1.0,3.0,0.6,1.5,0.0,65.0,60.0,car_red,linear,5.0,1.0,60.0,Other,5.0,0.0,0.0,35.0,60.0,bicycle,40.0,40.0,car_white
01BL-KEEP_02FS-ZZ_1_76_of_243.txt,50.0,5.0,linear,1.0,3.0,0.2,1.5,0.0,65.0,60.0,car_red,linear,5.0,1.0,60.0,Other,5.0,0.0,0.0,35.0,40.0,bicycle,40.0,40.0,car_white
01BL-KEEP_02FS-ZZ_1_115_of_243.txt,60.0,5.0,linear,1.0,3.0,0.2,1.5,0.0,65.0,40.0,car_red,linear,5.0,1.0,50.0,Other,5.0,0.0,0.0,35.0,50.0,bicycle,40.0,40.0,car_white
01BL-KEEP_02FS-ZZ_1_161_of_243.txt,60.0,5.0,linear,1.0,3.0,0.6,1.5,0.0,65.0,60.0,car_red,linear,5.0,1.0,60.0,Other,5.0,0.0,0.0,35.0,50.0,bicycle,40.0,40.0,car_white
01BL-KEEP_02FS-ZZ_1_27_of_243.txt,60.0,5.0,linear,1.0,3.0,1.0,1.5,0.0,65.0,60.0,car_red,linear,5.0,1.0,40.0,Other,5.0,0.0,0.0,35.0,40.0,bicycle,40.0,40.0,car_white
01BL-KEEP_02FS-ZZ_1_85_of_243.txt,50.0,5.0,linear,1.0,3.0,0.2,1.5,0.0,65.0,40.0,car_red,linear,5.0,1.0,40.0,Other,5.0,0.0,0.0,35.0,50.0,bicycle,40.0,40.0,car_white
01BL-KEEP_02FS-ZZ_1_59_of_243.txt,50.0,5.0,linear,1.0,3.0,0.6,1.5,0.0,65.0,40.0,car_red,linear,5.0,1.0,60.0,Other,5.0,0.0,0.0,35.0,40.0,bicycle,40.0,40.0,car_white
01BL-KEEP_02FS-ZZ_1_208_of_243.txt,40.0,5.0,linear,1.0,3.0,0.2,1.5,0.0,65.0,60.0,car_red,linear,5.0,1.0,50.0,Other,5.0,0.0,0.0,35.0,60.0,bicycle,40.0,40.0,car_white
01BL-KEEP_02FS-ZZ_1_3_of_243.txt,40.0,5.0,linear,1.0,3.0,1.0,1.5,0.0,65.0,40.0,car_red,linear,5.0,1.0,40.0,Other,5.0,0.0,0.0,35.0,40.0,bicycle,40.0,40.0,car_white
01BL-KEEP_02FS-ZZ_1_158_of_243.txt,50.0,5.0,linear,1.0,3.0,0.6,1.5,0.0,65.0,60.0,car_red,linear,5.0,1.0,60.0,Other,5.0,0.0,0.0,35.0,50.0,bicycle,40.0,40.0,car_white
01BL-KEEP_02FS-ZZ_1_65_of_243.txt,40.0,5.0,linear,1.0,3.0,0.6,1.5,0.0,65.0,50.0,car_red,linear,5.0,1.0,60.0,Other,5.0,0.0,0.0,35.0,40.0,bicycle,40.0,40.0,car_white
01BL-KEEP_02FS-ZZ_1_193_of_243.txt,50.0,5.0,linear,1.0,3.0,0.2,1.5,0.0,65.0,40.0,car_red,linear,5.0,1.0,50.0,Other,5.0,0.0,0.0,35.0,60.0,bicycle,40.0,40.0,car_white
01BL-KEEP_02FS-ZZ_1_45_of_243.txt,60.0,5.0,linear,1.0,3.0,1.0,1.5,0.0,65.0,50.0,car_red,linear,5.0,1.0,50.0,Other,5.0,0.0,0.0,35.0,40.0,bicycle,40.0,40.0,car_white
01BL-KEEP_02FS-ZZ_1_24_of_243.txt,50.0,5.0,linear,1.0,3.0,1.0,1.5,0.0,65.0,60.0,car_red,linear,5.0,1.0,40.0,Other,5.0,0.0,0.0,35.0,40.0,bicycle,40.0,40.0,car_white
01BL-KEEP_02FS-ZZ_1_204_of_243.txt,50.0,5.0,linear,1.0,3.0,1.0,1.5,0.0,65.0,50.0,car_red,linear,5.0,1.0,50.0,Other,5.0,0.0,0.0,35.0,60.0,bicycle,40.0,40.0,car_white
01BL-KEEP_02FS-ZZ_1_206_of_243.txt,60.0,5.0,linear,1.0,3.0,0.6,1.5,0.0,65.0,50.0,car_red,linear,5.0,1.0,50.0,Other,5.0,0.0,0.0,35.0,60.0,bicycle,40.0,40.0,car_white
01BL-KEEP_02FS-ZZ_1_68_of_243.txt,50.0,5.0,linear,1.0,3.0,0.6,1.5,0.0,65.0,50.0,car_red,linear,5.0,1.0,60.0,Other,5.0,0.0,0.0,35.0,40.0,bicycle,40.0,40.0,car_white
01BL-KEEP_02FS-ZZ_1_188_of_243.txt,60.0,5.0,linear,1.0,3.0,0.6,1.5,0.0,65.0,60.0,car_red,linear,5.0,1.0,40.0,Other,5.0,0.0,0.0,35.0,60.0,bicycle,40.0,40.0,car_white
01BL-KEEP_02FS-ZZ_1_210_of_243.txt,40.0,5.0,linear,1.0,3.0,1.0,1.5,0.0,65.0,60.0,car_red,linear,5.0,1.0,50.0,Other,5.0,0.0,0.0,35.0,60.0,bicycle,40.0,40.0,car_white
01BL-KEEP_02FS-ZZ_1_6_of_243.txt,50.0,5.0,linear,1.0,3.0,1.0,1.5,0.0,65.0,40.0,car_red,linear,5.0,1.0,40.0,Other,5.0,0.0,0.0,35.0,40.0,bicycle,40.0,40.0,car_white
01BL-KEEP_02FS-ZZ_1_227_of_243.txt,40.0,5.0,linear,1.0,3.0,0.6,1.5,0.0,65.0,50.0,car_red,linear,5.0,1.0,60.0,Other,5.0,0.0,0.0,35.0,60.0,bicycle,40.0,40.0,car_white
01BL-KEEP_02FS-ZZ_1_239_of_243.txt,50.0,5.0,linear,1.0,3.0,0.6,1.5,0.0,65.0,60.0,car_red,linear,5.0,1.0,60.0,Other,5.0,0.0,0.0,35.0,60.0,bicycle,40.0,40.0,car_white
01BL-KEEP_02FS-ZZ_1_116_of_243.txt,60.0,5.0,linear,1.0,3.0,0.6,1.5,0.0,65.0,40.0,car_red,linear,5.0,1.0,50.0,Other,5.0,0.0,0.0,35.0,50.0,bicycle,40.0,40.0,car_white
01BL-KEEP_02FS-ZZ_1_73_of_243.txt,40.0,5.0,linear,1.0,3.0,0.2,1.5,0.0,65.0,60.0,car_red,linear,5.0,1.0,60.0,Other,5.0,0.0,0.0,35.0,40.0,bicycle,40.0,40.0,car_white
01BL-KEEP_02FS-ZZ_1_154_of_243.txt,40.0,5.0,linear,1.0,3.0,0.2,1.5,0.0,65.0,60.0,car_red,linear,5.0,1.0,60.0,Other,5.0,0.0,0.0,35.0,50.0,bicycle,40.0,40.0,car_white
01BL-KEEP_02FS-ZZ_1_5_of_243.txt,50.0,5.0,linear,1.0,3.0,0.6,1.5,0.0,65.0,40.0,car_red,linear,5.0,1.0,40.0,Other,5.0,0.0,0.0,35.0,40.0,bicycle,40.0,40.0,car_white
01BL-KEEP_02FS-ZZ_1_108_of_243.txt,60.0,5.0,linear,1.0,3.0,1.0,1.5,0.0,65.0,60.0,car_red,linear,5.0,1.0,40.0,Other,5.0,0.0,0.0,35.0,50.0,bicycle,40.0,40.0,car_white
01BL-KEEP_02FS-ZZ_1_89_of_243.txt,60.0,5.0,linear,1.0,3.0,0.6,1.5,0.0,65.0,40.0,car_red,linear,5.0,1.0,40.0,Other,5.0,0.0,0.0,35.0,50.0,bicycle,40.0,40.0,car_white
01BL-KEEP_02FS-ZZ_1_155_of_243.txt,40.0,5.0,linear,1.0,3.0,0.6,1.5,0.0,65.0,60.0,car_red,linear,5.0,1.0,60.0,Other,5.0,0.0,0.0,35.0,50.0,bicycle,40.0,40.0,car_white
01BL-KEEP_02FS-ZZ_1_92_of_243.txt,40.0,5.0,linear,1.0,3.0,0.6,1.5,0.0,65.0,50.0,car_red,linear,5.0,1.0,40.0,Other,5.0,0.0,0.0,35.0,50.0,bicycle,40.0,40.0,car_white
01BL-KEEP_02FS-ZZ_1_100_of_243.txt,40.0,5.0,linear,1.0,3.0,0.2,1.5,0.0,65.0,60.0,car_red,linear,5.0,1.0,40.0,Other,5.0,0.0,0.0,35.0,50.0,bicycle,40.0,40.0,car_white
01BL-KEEP_02FS-ZZ_1_178_of_243.txt,60.0,5.0,linear,1.0,3.0,0.2,1.5,0.0,65.0,50.0,car_red,linear,5.0,1.0,40.0,Other,5.0,0.0,0.0,35.0,60.0,bicycle,40.0,40.0,car_white
01BL-KEEP_02FS-ZZ_1_218_of_243.txt,40.0,5.0,linear,1.0,3.0,0.6,1.5,0.0,65.0,40.0,car_red,linear,5.0,1.0,60.0,Other,5.0,0.0,0.0,35.0,60.0,bicycle,40.0,40.0,car_white
01BL-KEEP_02FS-ZZ_1_225_of_243.txt,60.0,5.0,linear,1.0,3.0,1.0,1.5,0.0,65.0,40.0,car_red,linear,5.0,1.0,60.0,Other,5.0,0.0,0.0,35.0,60.0,bicycle,40.0,40.0,car_white
01BL-KEEP_02FS-ZZ_1_207_of_243.txt,60.0,5.0,linear,1.0,3.0,1.0,1.5,0.0,65.0,50.0,car_red,linear,5.0,1.0,50.0,Other,5.0,0.0,0.0,35.0,60.0,bicycle,40.0,40.0,car_white
01BL-KEEP_02FS-ZZ_1_99_of_243.txt,60.0,5.0,linear,1.0,3.0,1.0,1.5,0.0,65.0,50.0,car_red,linear,5.0,1.0,40.0,Other,5.0,0.0,0.0,35.0,50.0,bicycle,40.0,40.0,car_white
01BL-KEEP_02FS-ZZ_1_63_of_243.txt,60.0,5.0,linear,1.0,3.0,1.0,1.5,0.0,65.0,40.0,car_red,linear,5.0,1.0,60.0,Other,5.0,0.0,0.0,35.0,40.0,bicycle,40.0,40.0,car_white
01BL-KEEP_02FS-ZZ_1_17_of_243.txt,60.0,5.0,linear,1.0,3.0,0.6,1.5,0.0,65.0,50.0,car_red,linear,5.0,1.0,40.0,Other,5.0,0.0,0.0,35.0,40.0,bicycle,40.0,40.0,car_white
01BL-KEEP_02FS-ZZ_1_159_of_243.txt,50.0,5.0,linear,1.0,3.0,1.0,1.5,0.0,65.0,60.0,car_red,linear,5.0,1.0,60.0,Other,5.0,0.0,0.0,35.0,50.0,bicycle,40.0,40.0,car_white
01BL-KEEP_02FS-ZZ_1_10_of_243.txt,40.0,5.0,linear,1.0,3.0,0.2,1.5,0.0,65.0,50.0,car_red,linear,5.0,1.0,40.0,Other,5.0,0.0,0.0,35.0,40.0,bicycle,40.0,40.0,car_white
01BL-KEEP_02FS-ZZ_1_198_of_243.txt,60.0,5.0,linear,1.0,3.0,1.0,1.5,0.0,65.0,40.0,car_red,linear,5.0,1.0,50.0,Other,5.0,0.0,0.0,35.0,60.0,bicycle,40.0,40.0,car_white
01BL-KEEP_02FS-ZZ_1_22_of_243.txt,50.0,5.0,linear,1.0,3.0,0.2,1.5,0.0,65.0,60.0,car_red,linear,5.0,1.0,40.0,Other,5.0,0.0,0.0,35.0,40.0,bicycle,40.0,40.0,car_white
01BL-KEEP_02FS-ZZ_1_101_of_243.txt,40.0,5.0,linear,1.0,3.0,0.6,1.5,0.0,65.0,60.0,car_red,linear,5.0,1.0,40.0,Other,5.0,0.0,0.0,35.0,50.0,bicycle,40.0,40.0,car_white
01BL-KEEP_02FS-ZZ_1_2_of_243.txt,40.0,5.0,linear,1.0,3.0,0.6,1.5,0.0,65.0,40.0,car_red,linear,5.0,1.0,40.0,Other,5.0,0.0,0.0,35.0,40.0,bicycle,40.0,40.0,car_white
01BL-KEEP_02FS-ZZ_1_58_of_243.txt,50.0,5.0,linear,1.0,3.0,0.2,1.5,0.0,65.0,40.0,car_red,linear,5.0,1.0,60.0,Other,5.0,0.0,0.0,35.0,40.0,bicycle,40.0,40.0,car_white
01BL-KEEP_02FS-ZZ_1_156_of_243.txt,40.0,5.0,linear,1.0,3.0,1.0,1.5,0.0,65.0,60.0,car_red,linear,5.0,1.0,60.0,Other,5.0,0.0,0.0,35.0,50.0,bicycle,40.0,40.0,car_white
01BL-KEEP_02FS-ZZ_1_228_of_243.txt,40.0,5.0,linear,1.0,3.0,1.0,1.5,0.0,65.0,50.0,car_red,linear,5.0,1.0,60.0,Other,5.0,0.0,0.0,35.0,60.0,bicycle,40.0,40.0,car_white
01BL-KEEP_02FS-ZZ_1_110_of_243.txt,40.0,5.0,linear,1.0,3.0,0.6,1.5,0.0,65.0,40.0,car_red,linear,5.0,1.0,50.0,Other,5.0,0.0,0.0,35.0,50.0,bicycle,40.0,40.0,car_white
01BL-KEEP_02FS-ZZ_1_124_of_243.txt,60.0,5.0,linear,1.0,3.0,0.2,1.5,0.0,65.0,50.0,car_red,linear,5.0,1.0,50.0,Other,5.0,0.0,0.0,35.0,50.0,bicycle,40.0,40.0,car_white
01BL-KEEP_02FS-ZZ_1_170_of_243.txt,60.0,5.0,linear,1.0,3.0,0.6,1.5,0.0,65.0,40.0,car_red,linear,5.0,1.0,40.0,Other,5.0,0.0,0.0,35.0,60.0,bicycle,40.0,40.0,car_white
01BL-KEEP_02FS-ZZ_1_56_of_243.txt,40.0,5.0,linear,1.0,3.0,0.6,1.5,0.0,65.0,40.0,car_red,linear,5.0,1.0,60.0,Other,5.0,0.0,0.0,35.0,40.0,bicycle,40.0,40.0,car_white
01BL-KEEP_02FS-ZZ_1_82_of_243.txt,40.0,5.0,linear,1.0,3.0,0.2,1.5,0.0,65.0,40.0,car_red,linear,5.0,1.0,40.0,Other,5.0,0.0,0.0,35.0,50.0,bicycle,40.0,40.0,car_white
01BL-KEEP_02FS-ZZ_1_181_of_243.txt,40.0,5.0,linear,1.0,3.0,0.2,1.5,0.0,65.0,60.0,car_red,linear,5.0,1.0,40.0,Other,5.0,0.0,0.0,35.0,60.0,bicycle,40.0,40.0,car_white
01BL-KEEP_02FS-ZZ_1_184_of_243.txt,50.0,5.0,linear,1.0,3.0,0.2,1.5,0.0,65.0,60.0,car_red,linear,5.0,1.0,40.0,Other,5.0,0.0,0.0,35.0,60.0,bicycle,40.0,40.0,car_white
01BL-KEEP_02FS-ZZ_1_88_of_243.txt,60.0,5.0,linear,1.0,3.0,0.2,1.5,0.0,65.0,40.0,car_red,linear,5.0,1.0,40.0,Other,5.0,0.0,0.0,35.0,50.0,bicycle,40.0,40.0,car_white
01BL-KEEP_02FS-ZZ_1_4_of_243.txt,50.0,5.0,linear,1.0,3.0,0.2,1.5,0.0,65.0,40.0,car_red,linear,5.0,1.0,40.0,Other,5.0,0.0,0.0,35.0,40.0,bicycle,40.0,40.0,car_white
01BL-KEEP_02FS-ZZ_1_151_of_243.txt,60.0,5.0,linear,1.0,3.0,0.2,1.5,0.0,65.0,50.0,car_red,linear,5.0,1.0,60.0,Other,5.0,0.0,0.0,35.0,50.0,bicycle,40.0,40.0,car_white
01BL-KEEP_02FS-ZZ_1_95_of_243.txt,50.0,5.0,linear,1.0,3.0,0.6,1.5,0.0,65.0,50.0,car_red,linear,5.0,1.0,40.0,Other,5.0,0.0,0.0,35.0,50.0,bicycle,40.0,40.0,car_white
01BL-KEEP_02FS-ZZ_1_236_of_243.txt,40.0,5.0,linear,1.0,3.0,0.6,1.5,0.0,65.0,60.0,car_red,linear,5.0,1.0,60.0,Other,5.0,0.0,0.0,35.0,60.0,bicycle,40.0,40.0,car_white
01BL-KEEP_02FS-ZZ_1_7_of_243.txt,60.0,5.0,linear,1.0,3.0,0.2,1.5,0.0,65.0,40.0,car_red,linear,5.0,1.0,40.0,Other,5.0,0.0,0.0,35.0,40.0,bicycle,40.0,40.0,car_white
01BL-KEEP_02FS-ZZ_1_114_of_243.txt,50.0,5.0,linear,1.0,3.0,1.0,1.5,0.0,65.0,40.0,car_red,linear,5.0,1.0,50.0,Other,5.0,0.0,0.0,35.0,50.0,bicycle,40.0,40.0,car_white
01BL-KEEP_02FS-ZZ_1_48_of_243.txt,40.0,5.0,linear,1.0,3.0,1.0,1.5,0.0,65.0,60.0,car_red,linear,5.0,1.0,50.0,Other,5.0,0.0,0.0,35.0,40.0,bicycle,40.0,40.0,car_white
01BL-KEEP_02FS-ZZ_1_66_of_243.txt,40.0,5.0,linear,1.0,3.0,1.0,1.5,0.0,65.0,50.0,car_red,linear,5.0,1.0,60.0,Other,5.0,0.0,0.0,35.0,40.0,bicycle,40.0,40.0,car_white
01BL-KEEP_02FS-ZZ_1_165_of_243.txt,40.0,5.0,linear,1.0,3.0,1.0,1.5,0.0,65.0,40.0,car_red,linear,5.0,1.0,40.0,Other,5.0,0.0,0.0,35.0,60.0,bicycle,40.0,40.0,car_white
01BL-KEEP_02FS-ZZ_1_185_of_243.txt,50.0,5.0,linear,1.0,3.0,0.6,1.5,0.0,65.0,60.0,car_red,linear,5.0,1.0,40.0,Other,5.0,0.0,0.0,35.0,60.0,bicycle,40.0,40.0,car_white
01BL-KEEP_02FS-ZZ_1_191_of_243.txt,40.0,5.0,linear,1.0,3.0,0.6,1.5,0.0,65.0,40.0,car_red,linear,5.0,1.0,50.0,Other,5.0,0.0,0.0,35.0,60.0,bicycle,40.0,40.0,car_white
01BL-KEEP_02FS-ZZ_1_179_of_243.txt,60.0,5.0,linear,1.0,3.0,0.6,1.5,0.0,65.0,50.0,car_red,linear,5.0,1.0,40.0,Other,5.0,0.0,0.0,35.0,60.0,bicycle,40.0,40.0,car_white
01BL-KEEP_02FS-ZZ_1_98_of_243.txt,60.0,5.0,linear,1.0,3.0,0.6,1.5,0.0,65.0,50.0,car_red,linear,5.0,1.0,40.0,Other,5.0,0.0,0.0,35.0,50.0,bicycle,40.0,40.0,car_white
01BL-KEEP_02FS-ZZ_1_102_of_243.txt,40.0,5.0,linear,1.0,3.0,1.0,1.5,0.0,65.0,60.0,car_red,linear,5.0,1.0,40.0,Other,5.0,0.0,0.0,35.0,50.0,bicycle,40.0,40.0,car_white
01BL-KEEP_02FS-ZZ_1_53_of_243.txt,60.0,5.0,linear,1.0,3.0,0.6,1.5,0.0,65.0,60.0,car_red,linear,5.0,1.0,50.0,Other,5.0,0.0,0.0,35.0,40.0,bicycle,40.0,40.0,car_white
01BL-KEEP_02FS-ZZ_1_187_of_243.txt,60.0,5.0,linear,1.0,3.0,0.2,1.5,0.0,65.0,60.0,car_red,linear,5.0,1.0,40.0,Other,5.0,0.0,0.0,35.0,60.0,bicycle,40.0,40.0,car_white
01BL-KEEP_02FS-ZZ_1_144_of_243.txt,60.0,5.0,linear,1.0,3.0,1.0,1.5,0.0,65.0,40.0,car_red,linear,5.0,1.0,60.0,Other,5.0,0.0,0.0,35.0,50.0,bicycle,40.0,40.0,car_white
01BL-KEEP_02FS-ZZ_1_233_of_243.txt,60.0,5.0,linear,1.0,3.0,0.6,1.5,0.0,65.0,50.0,car_red,linear,5.0,1.0,60.0,Other,5.0,0.0,0.0,35.0,60.0,bicycle,40.0,40.0,car_white
01BL-KEEP_02FS-ZZ_1_182_of_243.txt,40.0,5.0,linear,1.0,3.0,0.6,1.5,0.0,65.0,60.0,car_red,linear,5.0,1.0,40.0,Other,5.0,0.0,0.0,35.0,60.0,bicycle,40.0,40.0,car_white
01BL-KEEP_02FS-ZZ_1_39_of_243.txt,40.0,5.0,linear,1.0,3.0,1.0,1.5,0.0,65.0,50.0,car_red,linear,5.0,1.0,50.0,Other,5.0,0.0,0.0,35.0,40.0,bicycle,40.0,40.0,car_white
01BL-KEEP_02FS-ZZ_1_216_of_243.txt,60.0,5.0,linear,1.0,3.0,1.0,1.5,0.0,65.0,60.0,car_red,linear,5.0,1.0,50.0,Other,5.0,0.0,0.0,35.0,60.0,bicycle,40.0,40.0,car_white
01BL-KEEP_02FS-ZZ_1_11_of_243.txt,40.0,5.0,linear,1.0,3.0,0.6,1.5,0.0,65.0,50.0,car_red,linear,5.0,1.0,40.0,Other,5.0,0.0,0.0,35.0,40.0,bicycle,40.0,40.0,car_white
01BL-KEEP_02FS-ZZ_1_211_of_243.txt,50.0,5.0,linear,1.0,3.0,0.2,1.5,0.0,65.0,60.0,car_red,linear,5.0,1.0,50.0,Other,5.0,0.0,0.0,35.0,60.0,bicycle,40.0,40.0,car_white
01BL-KEEP_02FS-ZZ_1_148_of_243.txt,50.0,5.0,linear,1.0,3.0,0.2,1.5,0.0,65.0,50.0,car_red,linear,5.0,1.0,60.0,Other,5.0,0.0,0.0,35.0,50.0,bicycle,40.0,40.0,car_white
01BL-KEEP_02FS-ZZ_1_106_of_243.txt,60.0,5.0,linear,1.0,3.0,0.2,1.5,0.0,65.0,60.0,car_red,linear,5.0,1.0,40.0,Other,5.0,0.0,0.0,35.0,50.0,bicycle,40.0,40.0,car_white
01BL-KEEP_02FS-ZZ_1_147_of_243.txt,40.0,5.0,linear,1.0,3.0,1.0,1.5,0.0,65.0,50.0,car_red,linear,5.0,1.0,60.0,Other,5.0,0.0,0.0,35.0,50.0,bicycle,40.0,40.0,car_white
01BL-KEEP_02FS-ZZ_1_180_of_243.txt,60.0,5.0,linear,1.0,3.0,1.0,1.5,0.0,65.0,50.0,car_red,linear,5.0,1.0,40.0,Other,5.0,0.0,0.0,35.0,60.0,bicycle,40.0,40.0,car_white
01BL-KEEP_02FS-ZZ_1_33_of_243.txt,50.0,5.0,linear,1.0,3.0,1.0,1.5,0.0,65.0,40.0,car_red,linear,5.0,1.0,50.0,Other,5.0,0.0,0.0,35.0,40.0,bicycle,40.0,40.0,car_white
01BL-KEEP_02FS-ZZ_1_131_of_243.txt,50.0,5.0,linear,1.0,3.0,0.6,1.5,0.0,65.0,60.0,car_red,linear,5.0,1.0,50.0,Other,5.0,0.0,0.0,35.0,50.0,bicycle,40.0,40.0,car_white
01BL-KEEP_02FS-ZZ_1_224_of_243.txt,60.0,5.0,linear,1.0,3.0,0.6,1.5,0.0,65.0,40.0,car_red,linear,5.0,1.0,60.0,Other,5.0,0.0,0.0,35.0,60.0,bicycle,40.0,40.0,car_white
01BL-KEEP_02FS-ZZ_1_220_of_243.txt,50.0,5.0,linear,1.0,3.0,0.2,1.5,0.0,65.0,40.0,car_red,linear,5.0,1.0,60.0,Other,5.0,0.0,0.0,35.0,60.0,bicycle,40.0,40.0,car_white
01BL-KEEP_02FS-ZZ_1_238_of_243.txt,50.0,5.0,linear,1.0,3.0,0.2,1.5,0.0,65.0,60.0,car_red,linear,5.0,1.0,60.0,Other,5.0,0.0,0.0,35.0,60.0,bicycle,40.0,40.0,car_white
01BL-KEEP_02FS-ZZ_1_130_of_243.txt,50.0,5.0,linear,1.0,3.0,0.2,1.5,0.0,65.0,60.0,car_red,linear,5.0,1.0,50.0,Other,5.0,0.0,0.0,35.0,50.0,bicycle,40.0,40.0,car_white
01BL-KEEP_02FS-ZZ_1_103_of_243.txt,50.0,5.0,linear,1.0,3.0,0.2,1.5,0.0,65.0,60.0,car_red,linear,5.0,1.0,40.0,Other,5.0,0.0,0.0,35.0,50.0,bicycle,40.0,40.0,car_white
01BL-KEEP_02FS-ZZ_1_86_of_243.txt,50.0,5.0,linear,1.0,3.0,0.6,1.5,0.0,65.0,40.0,car_red,linear,5.0,1.0,40.0,Other,5.0,0.0,0.0,35.0,50.0,bicycle,40.0,40.0,car_white
01BL-KEEP_02FS-ZZ_1_135_of_243.txt,60.0,5.0,linear,1.0,3.0,1.0,1.5,0.0,65.0,60.0,car_red,linear,5.0,1.0,50.0,Other,5.0,0.0,0.0,35.0,50.0,bicycle,40.0,40.0,car_white
01BL-KEEP_02FS-ZZ_1_153_of_243.txt,60.0,5.0,linear,1.0,3.0,1.0,1.5,0.0,65.0,50.0,car_red,linear,5.0,1.0,60.0,Other,5.0,0.0,0.0,35.0,50.0,bicycle,40.0,40.0,car_white
01BL-KEEP_02FS-ZZ_1_37_of_243.txt,40.0,5.0,linear,1.0,3.0,0.2,1.5,0.0,65.0,50.0,car_red,linear,5.0,1.0,50.0,Other,5.0,0.0,0.0,35.0,40.0,bicycle,40.0,40.0,car_white
01BL-KEEP_02FS-ZZ_1_121_of_243.txt,50.0,5.0,linear,1.0,3.0,0.2,1.5,0.0,65.0,50.0,car_red,linear,5.0,1.0,50.0,Other,5.0,0.0,0.0,35.0,50.0,bicycle,40.0,40.0,car_white
01BL-KEEP_02FS-ZZ_1_190_of_243.txt,40.0,5.0,linear,1.0,3.0,0.2,1.5,0.0,65.0,40.0,car_red,linear,5.0,1.0,50.0,Other,5.0,0.0,0.0,35.0,60.0,bicycle,40.0,40.0,car_white
01BL-KEEP_02FS-ZZ_1_192_of_243.txt,40.0,5.0,linear,1.0,3.0,1.0,1.5,0.0,65.0,40.0,car_red,linear,5.0,1.0,50.0,Other,5.0,0.0,0.0,35.0,60.0,bicycle,40.0,40.0,car_white
01BL-KEEP_02FS-ZZ_1_50_of_243.txt,50.0,5.0,linear,1.0,3.0,0.6,1.5,0.0,65.0,60.0,car_red,linear,5.0,1.0,50.0,Other,5.0,0.0,0.0,35.0,40.0,bicycle,40.0,40.0,car_white
01BL-KEEP_02FS-ZZ_1_12_of_243.txt,40.0,5.0,linear,1.0,3.0,1.0,1.5,0.0,65.0,50.0,car_red,linear,5.0,1.0,40.0,Other,5.0,0.0,0.0,35.0,40.0,bicycle,40.0,40.0,car_white
01BL-KEEP_02FS-ZZ_1_94_of_243.txt,50.0,5.0,linear,1.0,3.0,0.2,1.5,0.0,65.0,50.0,car_red,linear,5.0,1.0,40.0,Other,5.0,0.0,0.0,35.0,50.0,bicycle,40.0,40.0,car_white
01BL-KEEP_02FS-ZZ_1_71_of_243.txt,60.0,5.0,linear,1.0,3.0,0.6,1.5,0.0,65.0,50.0,car_red,linear,5.0,1.0,60.0,Other,5.0,0.0,0.0,35.0,40.0,bicycle,40.0,40.0,car_white
01BL-KEEP_02FS-ZZ_1_177_of_243.txt,50.0,5.0,linear,1.0,3.0,1.0,1.5,0.0,65.0,50.0,car_red,linear,5.0,1.0,40.0,Other,5.0,0.0,0.0,35.0,60.0,bicycle,40.0,40.0,car_white
01BL-KEEP_02FS-ZZ_1_62_of_243.txt,60.0,5.0,linear,1.0,3.0,0.6,1.5,0.0,65.0,40.0,car_red,linear,5.0,1.0,60.0,Other,5.0,0.0,0.0,35.0,40.0,bicycle,40.0,40.0,car_white
01BL-KEEP_02FS-ZZ_1_126_of_243.txt,60.0,5.0,linear,1.0,3.0,1.0,1.5,0.0,65.0,50.0,car_red,linear,5.0,1.0,50.0,Other,5.0,0.0,0.0,35.0,50.0,bicycle,40.0,40.0,car_white
01BL-KEEP_02FS-ZZ_1_215_of_243.txt,60.0,5.0,linear,1.0,3.0,0.6,1.5,0.0,65.0,60.0,car_red,linear,5.0,1.0,50.0,Other,5.0,0.0,0.0,35.0,60.0,bicycle,40.0,40.0,car_white
01BL-KEEP_02FS-ZZ_1_140_of_243.txt,50.0,5.0,linear,1.0,3.0,0.6,1.5,0.0,65.0,40.0,car_red,linear,5.0,1.0,60.0,Other,5.0,0.0,0.0,35.0,50.0,bicycle,40.0,40.0,car_white
01BL-KEEP_02FS-ZZ_1_117_of_243.txt,60.0,5.0,linear,1.0,3.0,1.0,1.5,0.0,65.0,40.0,car_red,linear,5.0,1.0,50.0,Other,5.0,0.0,0.0,35.0,50.0,bicycle,40.0,40.0,car_white
01BL-KEEP_02FS-ZZ_1_240_of_243.txt,50.0,5.0,linear,1.0,3.0,1.0,1.5,0.0,65.0,60.0,car_red,linear,5.0,1.0,60.0,Other,5.0,0.0,0.0,35.0,60.0,bicycle,40.0,40.0,car_white
01BL-KEEP_02FS-ZZ_1_209_of_243.txt,40.0,5.0,linear,1.0,3.0,0.6,1.5,0.0,65.0,60.0,car_red,linear,5.0,1.0,50.0,Other,5.0,0.0,0.0,35.0,60.0,bicycle,40.0,40.0,car_white
01BL-KEEP_02FS-ZZ_1_60_of_243.txt,50.0,5.0,linear,1.0,3.0,1.0,1.5,0.0,65.0,40.0,car_red,linear,5.0,1.0,60.0,Other,5.0,0.0,0.0,35.0,40.0,bicycle,40.0,40.0,car_white
01BL-KEEP_02FS-ZZ_1_44_of_243.txt,60.0,5.0,linear,1.0,3.0,0.6,1.5,0.0,65.0,50.0,car_red,linear,5.0,1.0,50.0,Other,5.0,0.0,0.0,35.0,40.0,bicycle,40.0,40.0,car_white
01BL-KEEP_02FS-ZZ_1_107_of_243.txt,60.0,5.0,linear,1.0,3.0,0.6,1.5,0.0,65.0,60.0,car_red,linear,5.0,1.0,40.0,Other,5.0,0.0,0.0,35.0,50.0,bicycle,40.0,40.0,car_white
01BL-KEEP_02FS-ZZ_1_49_of_243.txt,50.0,5.0,linear,1.0,3.0,0.2,1.5,0.0,65.0,60.0,car_red,linear,5.0,1.0,50.0,Other,5.0,0.0,0.0,35.0,40.0,bicycle,40.0,40.0,car_white
01BL-KEEP_02FS-ZZ_1_143_of_243.txt,60.0,5.0,linear,1.0,3.0,0.6,1.5,0.0,65.0,40.0,car_red,linear,5.0,1.0,60.0,Other,5.0,0.0,0.0,35.0,50.0,bicycle,40.0,40.0,car_white
01BL-KEEP_02FS-ZZ_1_200_of_243.txt,40.0,5.0,linear,1.0,3.0,0.6,1.5,0.0,65.0,50.0,car_red,linear,5.0,1.0,50.0,Other,5.0,0.0,0.0,35.0,60.0,bicycle,40.0,40.0,car_white
01BL-KEEP_02FS-ZZ_1_42_of_243.txt,50.0,5.0,linear,1.0,3.0,1.0,1.5,0.0,65.0,50.0,car_red,linear,5.0,1.0,50.0,Other,5.0,0.0,0.0,35.0,40.0,bicycle,40.0,40.0,car_white
01BL-KEEP_02FS-ZZ_1_30_of_243.txt,40.0,5.0,linear,1.0,3.0,1.0,1.5,0.0,65.0,40.0,car_red,linear,5.0,1.0,50.0,Other,5.0,0.0,0.0,35.0,40.0,bicycle,40.0,40.0,car_white
01BL-KEEP_02FS-ZZ_1_169_of_243.txt,60.0,5.0,linear,1.0,3.0,0.2,1.5,0.0,65.0,40.0,car_red,linear,5.0,1.0,40.0,Other,5.0,0.0,0.0,35.0,60.0,bicycle,40.0,40.0,car_white
01BL-KEEP_02FS-ZZ_1_57_of_243.txt,40.0,5.0,linear,1.0,3.0,1.0,1.5,0.0,65.0,40.0,car_red,linear,5.0,1.0,60.0,Other,5.0,0.0,0.0,35.0,40.0,bicycle,40.0,40.0,car_white
01BL-KEEP_02FS-ZZ_1_226_of_243.txt,40.0,5.0,linear,1.0,3.0,0.2,1.5,0.0,65.0,50.0,car_red,linear,5.0,1.0,60.0,Other,5.0,0.0,0.0,35.0,60.0,bicycle,40.0,40.0,car_white
01BL-KEEP_02FS-ZZ_1_97_of_243.txt,60.0,5.0,linear,1.0,3.0,0.2,1.5,0.0,65.0,50.0,car_red,linear,5.0,1.0,40.0,Other,5.0,0.0,0.0,35.0,50.0,bicycle,40.0,40.0,car_white
01BL-KEEP_02FS-ZZ_1_183_of_243.txt,40.0,5.0,linear,1.0,3.0,1.0,1.5,0.0,65.0,60.0,car_red,linear,5.0,1.0,40.0,Other,5.0,0.0,0.0,35.0,60.0,bicycle,40.0,40.0,car_white
01BL-KEEP_02FS-ZZ_1_230_of_243.txt,50.0,5.0,linear,1.0,3.0,0.6,1.5,0.0,65.0,50.0,car_red,linear,5.0,1.0,60.0,Other,5.0,0.0,0.0,35.0,60.0,bicycle,40.0,40.0,car_white
01BL-KEEP_02FS-ZZ_1_214_of_243.txt,60.0,5.0,linear,1.0,3.0,0.2,1.5,0.0,65.0,60.0,car_red,linear,5.0,1.0,50.0,Other,5.0,0.0,0.0,35.0,60.0,bicycle,40.0,40.0,car_white
01BL-KEEP_02FS-ZZ_1_229_of_243.txt,50.0,5.0,linear,1.0,3.0,0.2,1.5,0.0,65.0,50.0,car_red,linear,5.0,1.0,60.0,Other,5.0,0.0,0.0,35.0,60.0,bicycle,40.0,40.0,car_white
01BL-KEEP_02FS-ZZ_1_217_of_243.txt,40.0,5.0,linear,1.0,3.0,0.2,1.5,0.0,65.0,40.0,car_red,linear,5.0,1.0,60.0,Other,5.0,0.0,0.0,35.0,60.0,bicycle,40.0,40.0,car_white
01BL-KEEP_02FS-ZZ_1_113_of_243.txt,50.0,5.0,linear,1.0,3.0,0.6,1.5,0.0,65.0,40.0,car_red,linear,5.0,1.0,50.0,Other,5.0,0.0,0.0,35.0,50.0,bicycle,40.0,40.0,car_white
01BL-KEEP_02FS-ZZ_1_174_of_243.txt,40.0,5.0,linear,1.0,3.0,1.0,1.5,0.0,65.0,50.0,car_red,linear,5.0,1.0,40.0,Other,5.0,0.0,0.0,35.0,60.0,bicycle,40.0,40.0,car_white
01BL-KEEP_02FS-ZZ_1_29_of_243.txt,40.0,5.0,linear,1.0,3.0,0.6,1.5,0.0,65.0,40.0,car_red,linear,5.0,1.0,50.0,Other,5.0,0.0,0.0,35.0,40.0,bicycle,40.0,40.0,car_white
01BL-KEEP_02FS-ZZ_1_164_of_243.txt,40.0,5.0,linear,1.0,3.0,0.6,1.5,0.0,65.0,40.0,car_red,linear,5.0,1.0,40.0,Other,5.0,0.0,0.0,35.0,60.0,bicycle,40.0,40.0,car_white
01BL-KEEP_02FS-ZZ_1_40_of_243.txt,50.0,5.0,linear,1.0,3.0,0.2,1.5,0.0,65.0,50.0,car_red,linear,5.0,1.0,50.0,Other,5.0,0.0,0.0,35.0,40.0,bicycle,40.0,40.0,car_white
01BL-KEEP_02FS-ZZ_1_70_of_243.txt,60.0,5.0,linear,1.0,3.0,0.2,1.5,0.0,65.0,50.0,car_red,linear,5.0,1.0,60.0,Other,5.0,0.0,0.0,35.0,40.0,bicycle,40.0,40.0,car_white
01BL-KEEP_02FS-ZZ_1_55_of_243.txt,40.0,5.0,linear,1.0,3.0,0.2,1.5,0.0,65.0,40.0,car_red,linear,5.0,1.0,60.0,Other,5.0,0.0,0.0,35.0,40.0,bicycle,40.0,40.0,car_white
01BL-KEEP_02FS-ZZ_1_157_of_243.txt,50.0,5.0,linear,1.0,3.0,0.2,1.5,0.0,65.0,60.0,car_red,linear,5.0,1.0,60.0,Other,5.0,0.0,0.0,35.0,50.0,bicycle,40.0,40.0,car_white
01BL-KEEP_02FS-ZZ_1_139_of_243.txt,50.0,5.0,linear,1.0,3.0,0.2,1.5,0.0,65.0,40.0,car_red,linear,5.0,1.0,60.0,Other,5.0,0.0,0.0,35.0,50.0,bicycle,40.0,40.0,car_white
01BL-KEEP_02FS-ZZ_1_78_of_243.txt,50.0,5.0,linear,1.0,3.0,1.0,1.5,0.0,65.0,60.0,car_red,linear,5.0,1.0,60.0,Other,5.0,0.0,0.0,35.0,40.0,bicycle,40.0,40.0,car_white
01BL-KEEP_02FS-ZZ_1_74_of_243.txt,40.0,5.0,linear,1.0,3.0,0.6,1.5,0.0,65.0,60.0,car_red,linear,5.0,1.0,60.0,Other,5.0,0.0,0.0,35.0,40.0,bicycle,40.0,40.0,car_white
01BL-KEEP_02FS-ZZ_1_91_of_243.txt,40.0,5.0,linear,1.0,3.0,0.2,1.5,0.0,65.0,50.0,car_red,linear,5.0,1.0,40.0,Other,5.0,0.0,0.0,35.0,50.0,bicycle,40.0,40.0,car_white
01BL-KEEP_02FS-ZZ_1_13_of_243.txt,50.0,5.0,linear,1.0,3.0,0.2,1.5,0.0,65.0,50.0,car_red,linear,5.0,1.0,40.0,Other,5.0,0.0,0.0,35.0,40.0,bicycle,40.0,40.0,car_white
01BL-KEEP_02FS-ZZ_1_61_of_243.txt,60.0,5.0,linear,1.0,3.0,0.2,1.5,0.0,65.0,40.0,car_red,linear,5.0,1.0,60.0,Other,5.0,0.0,0.0,35.0,40.0,bicycle,40.0,40.0,car_white
